csv_path,exported_messages,message_count,topic,type
rosbag2_2025_10_18-14_54_28/navstatus.csv,384,384,/navstatus,ublox_msgs/msg/NavSTATUS
rosbag2_2025_10_18-14_54_28/monhw.csv,384,384,/monhw,ublox_msgs/msg/MonHW
rosbag2_2025_10_18-14_54_28/fromBrunilde.csv,53760,53760,/fromBrunilde,sail_msgs/msg/SerialMsg
rosbag2_2025_10_18-14_54_28/navpvt.csv,382,382,/navpvt,ublox_msgs/msg/NavPVT
rosbag2_2025_10_18-14_54_28/navsvin.csv,385,385,/navsvin,ublox_msgs/msg/NavSVIN
rosbag2_2025_10_18-14_54_28/aidalm.csv,384,384,/aidalm,ublox_msgs/msg/AidALM
rosbag2_2025_10_18-14_54_28/navclock.csv,385,385,/navclock,ublox_msgs/msg/NavCLOCK
rosbag2_2025_10_18-14_54_28/rosout.csv,20,20,/rosout,rcl_interfaces/msg/Log
rosbag2_2025_10_18-14_54_28/diagnostics.csv,1150,1150,/diagnostics,diagnostic_msgs/msg/DiagnosticArray
rosbag2_2025_10_18-14_54_28/aideph.csv,384,384,/aideph,ublox_msgs/msg/AidEPH
rosbag2_2025_10_18-14_54_28/fix_velocity.csv,382,382,/fix_velocity,geometry_msgs/msg/TwistWithCovarianceStamped
rosbag2_2025_10_18-14_54_28/fix.csv,382,382,/fix,sensor_msgs/msg/NavSatFix
rosbag2_2025_10_18-14_54_28/navstate.csv,19,19,/navstate,ublox_msgs/msg/NavSAT
