csv_path,exported_messages,message_count,topic,type
2025_10_18-14_42_50/wand_angle.csv,19897,19897,/wand_angle,std_msgs/msg/Float64
2025_10_18-14_42_50/imu_data.csv,3973,3973,/imu_data,sensor_msgs/msg/Imu
2025_10_18-14_42_50/gps_filtered.csv,1595,1595,/gps/filtered,sensor_msgs/msg/NavSatFix
2025_10_18-14_42_50/fix_velocity.csv,206,206,/fix_velocity,geometry_msgs/msg/TwistWithCovarianceStamped
2025_10_18-14_42_50/odometry_filtered.csv,1606,1606,/odometry/filtered,nav_msgs/msg/Odometry
2025_10_18-14_42_50/fix.csv,206,206,/fix,sensor_msgs/msg/NavSatFix
