csv_path,exported_messages,message_count,topic,type
2025_10_18-15_04_31/wand_angle.csv,65144,65144,/wand_angle,std_msgs/msg/Float64
2025_10_18-15_04_31/imu_data.csv,13026,13026,/imu_data,sensor_msgs/msg/Imu
2025_10_18-15_04_31/gps_filtered.csv,5224,5224,/gps/filtered,sensor_msgs/msg/NavSatFix
2025_10_18-15_04_31/fix_velocity.csv,660,660,/fix_velocity,geometry_msgs/msg/TwistWithCovarianceStamped
2025_10_18-15_04_31/odometry_filtered.csv,5225,5225,/odometry/filtered,nav_msgs/msg/Odometry
2025_10_18-15_04_31/fix.csv,660,660,/fix,sensor_msgs/msg/NavSatFix
