csv_path,exported_messages,message_count,topic,type
2025_10_18-14_49_10/wand_angle.csv,13861,13861,/wand_angle,std_msgs/msg/Float64
2025_10_18-14_49_10/imu_data.csv,2770,2770,/imu_data,sensor_msgs/msg/Imu
2025_10_18-14_49_10/gps_filtered.csv,1099,1099,/gps/filtered,sensor_msgs/msg/NavSatFix
2025_10_18-14_49_10/fix_velocity.csv,147,147,/fix_velocity,geometry_msgs/msg/TwistWithCovarianceStamped
2025_10_18-14_49_10/odometry_filtered.csv,1112,1112,/odometry/filtered,nav_msgs/msg/Odometry
2025_10_18-14_49_10/fix.csv,147,147,/fix,sensor_msgs/msg/NavSatFix
