timestamp,_stamp._sec._sec,_stamp._nanosec._nanosec,_stamp._check_fields._check_fields,_level._level,_name._name,_msg._msg,_file._file,_function._function,_line._line,_check_fields._check_fields
1760798570.760995,1760798570,684341431,False,20,rosbag2_recorder,Press SPACE for pausing/resuming,./src/rosbag2_transport/recorder.cpp,RecorderImpl,190,False
1760798570.7610345,1760798570,689522475,False,20,rosbag2_recorder,Listening for topics...,./src/rosbag2_transport/recorder.cpp,record,353,False
1760798570.7610376,1760798570,689536049,False,20,rosbag2_recorder,Event publisher thread: Starting,./src/rosbag2_transport/recorder.cpp,event_publisher_thread_main,371,False
1760798570.7610378,1760798570,690991285,False,20,rosbag2_recorder,Subscribed to topic '/rosout',./src/rosbag2_transport/recorder.cpp,subscribe_topic,574,False
1760798570.7610383,1760798570,691873748,False,20,rosbag2_recorder,Subscribed to topic '/events/write_split',./src/rosbag2_transport/recorder.cpp,subscribe_topic,574,False
1760798570.7610383,1760798570,691978744,False,20,rosbag2_recorder,Recording...,./src/rosbag2_transport/recorder.cpp,record,365,False
1760798573.4245095,1760798573,422414476,False,20,rosbag2_recorder,Subscribed to topic '/fromBrunilde',./src/rosbag2_transport/recorder.cpp,subscribe_topic,574,False
1760798573.4257972,1760798573,425727098,False,20,rosbag2_recorder,Subscribed to topic '/parameter_events',./src/rosbag2_transport/recorder.cpp,subscribe_topic,574,False
1760798573.6297317,1760798573,629672146,False,20,rosbag2_recorder,Subscribed to topic '/navsvin',./src/rosbag2_transport/recorder.cpp,subscribe_topic,574,False
1760798573.631396,1760798573,631203361,False,20,rosbag2_recorder,Subscribed to topic '/navstatus',./src/rosbag2_transport/recorder.cpp,subscribe_topic,574,False
1760798573.6330018,1760798573,632937400,False,20,rosbag2_recorder,Subscribed to topic '/monhw',./src/rosbag2_transport/recorder.cpp,subscribe_topic,574,False
1760798573.6349688,1760798573,634903540,False,20,rosbag2_recorder,Subscribed to topic '/navstate',./src/rosbag2_transport/recorder.cpp,subscribe_topic,574,False
1760798573.6380684,1760798573,637956395,False,20,rosbag2_recorder,Subscribed to topic '/fix',./src/rosbag2_transport/recorder.cpp,subscribe_topic,574,False
1760798573.6402442,1760798573,640122972,False,20,rosbag2_recorder,Subscribed to topic '/fix_velocity',./src/rosbag2_transport/recorder.cpp,subscribe_topic,574,False
1760798573.642528,1760798573,642400562,False,20,rosbag2_recorder,Subscribed to topic '/diagnostics',./src/rosbag2_transport/recorder.cpp,subscribe_topic,574,False
1760798573.6439104,1760798573,643845095,False,20,rosbag2_recorder,Subscribed to topic '/aideph',./src/rosbag2_transport/recorder.cpp,subscribe_topic,574,False
1760798573.6456697,1760798573,645552283,False,20,rosbag2_recorder,Subscribed to topic '/navpvt',./src/rosbag2_transport/recorder.cpp,subscribe_topic,574,False
1760798573.6470397,1760798573,646925930,False,20,rosbag2_recorder,Subscribed to topic '/navclock',./src/rosbag2_transport/recorder.cpp,subscribe_topic,574,False
1760798573.6483948,1760798573,648265078,False,20,rosbag2_recorder,Subscribed to topic '/aidalm',./src/rosbag2_transport/recorder.cpp,subscribe_topic,574,False
1760798573.649732,1760798573,649663446,False,20,rosbag2_recorder,Subscribed to topic '/rxmrtcm',./src/rosbag2_transport/recorder.cpp,subscribe_topic,574,False
