csv_path,exported_messages,message_count,topic,type
rosbag2_2025_10_18-14_42_50/aidalm.csv,207,207,/aidalm,ublox_msgs/msg/AidALM
rosbag2_2025_10_18-14_42_50/navclock.csv,206,206,/navclock,ublox_msgs/msg/NavCLOCK
rosbag2_2025_10_18-14_42_50/navpvt.csv,206,206,/navpvt,ublox_msgs/msg/NavPVT
rosbag2_2025_10_18-14_42_50/fromBrunilde.csv,28884,28884,/fromBrunilde,sail_msgs/msg/SerialMsg
rosbag2_2025_10_18-14_42_50/monhw.csv,207,207,/monhw,ublox_msgs/msg/MonHW
rosbag2_2025_10_18-14_42_50/aideph.csv,207,207,/aideph,ublox_msgs/msg/AidEPH
rosbag2_2025_10_18-14_42_50/fix_velocity.csv,206,206,/fix_velocity,geometry_msgs/msg/TwistWithCovarianceStamped
rosbag2_2025_10_18-14_42_50/rosout.csv,20,20,/rosout,rcl_interfaces/msg/Log
rosbag2_2025_10_18-14_42_50/diagnostics.csv,619,619,/diagnostics,diagnostic_msgs/msg/DiagnosticArray
rosbag2_2025_10_18-14_42_50/navsvin.csv,206,206,/navsvin,ublox_msgs/msg/NavSVIN
rosbag2_2025_10_18-14_42_50/navstatus.csv,206,206,/navstatus,ublox_msgs/msg/NavSTATUS
rosbag2_2025_10_18-14_42_50/fix.csv,206,206,/fix,sensor_msgs/msg/NavSatFix
