csv_path,exported_messages,message_count,topic,type
2025_10_18-14_54_28/wand_angle.csv,37422,37422,/wand_angle,std_msgs/msg/Float64
2025_10_18-14_54_28/imu_data.csv,7469,7469,/imu_data,sensor_msgs/msg/Imu
2025_10_18-14_54_28/gps_filtered.csv,2997,2997,/gps/filtered,sensor_msgs/msg/NavSatFix
2025_10_18-14_54_28/fix_velocity.csv,382,382,/fix_velocity,geometry_msgs/msg/TwistWithCovarianceStamped
2025_10_18-14_54_28/odometry_filtered.csv,3005,3005,/odometry/filtered,nav_msgs/msg/Odometry
2025_10_18-14_54_28/fix.csv,382,382,/fix,sensor_msgs/msg/NavSatFix
