timestamp,_stamp._sec._sec,_stamp._nanosec._nanosec,_stamp._check_fields._check_fields,_level._level,_name._name,_msg._msg,_file._file,_function._function,_line._line,_check_fields._check_fields
1760799871.7237759,1760799871,646824956,False,20,rosbag2_recorder,Press SPACE for pausing/resuming,./src/rosbag2_transport/recorder.cpp,RecorderImpl,190,False
1760799871.7238371,1760799871,652369891,False,20,rosbag2_recorder,Listening for topics...,./src/rosbag2_transport/recorder.cpp,record,353,False
1760799871.7238407,1760799871,652378669,False,20,rosbag2_recorder,Event publisher thread: Starting,./src/rosbag2_transport/recorder.cpp,event_publisher_thread_main,371,False
1760799871.723841,1760799871,653803037,False,20,rosbag2_recorder,Subscribed to topic '/rosout',./src/rosbag2_transport/recorder.cpp,subscribe_topic,574,False
1760799871.723841,1760799871,654757913,False,20,rosbag2_recorder,Subscribed to topic '/events/write_split',./src/rosbag2_transport/recorder.cpp,subscribe_topic,574,False
1760799871.7238412,1760799871,654880638,False,20,rosbag2_recorder,Recording...,./src/rosbag2_transport/recorder.cpp,record,365,False
1760799871.7577379,1760799871,757159952,False,20,rosbag2_recorder,Subscribed to topic '/parameter_events',./src/rosbag2_transport/recorder.cpp,subscribe_topic,574,False
1760799871.961457,1760799871,961136231,False,20,rosbag2_recorder,Subscribed to topic '/fromBrunilde',./src/rosbag2_transport/recorder.cpp,subscribe_topic,574,False
1760799872.5671496,1760799872,567089322,False,20,rosbag2_recorder,Subscribed to topic '/navsvin',./src/rosbag2_transport/recorder.cpp,subscribe_topic,574,False
1760799872.5688403,1760799872,568780697,False,20,rosbag2_recorder,Subscribed to topic '/navstatus',./src/rosbag2_transport/recorder.cpp,subscribe_topic,574,False
1760799872.570447,1760799872,570388978,False,20,rosbag2_recorder,Subscribed to topic '/monhw',./src/rosbag2_transport/recorder.cpp,subscribe_topic,574,False
1760799872.5724373,1760799872,572269729,False,20,rosbag2_recorder,Subscribed to topic '/navstate',./src/rosbag2_transport/recorder.cpp,subscribe_topic,574,False
1760799872.575609,1760799872,575493031,False,20,rosbag2_recorder,Subscribed to topic '/fix',./src/rosbag2_transport/recorder.cpp,subscribe_topic,574,False
1760799872.5777848,1760799872,577720846,False,20,rosbag2_recorder,Subscribed to topic '/fix_velocity',./src/rosbag2_transport/recorder.cpp,subscribe_topic,574,False
1760799872.5802865,1760799872,580108757,False,20,rosbag2_recorder,Subscribed to topic '/diagnostics',./src/rosbag2_transport/recorder.cpp,subscribe_topic,574,False
1760799872.5818129,1760799872,581752391,False,20,rosbag2_recorder,Subscribed to topic '/aideph',./src/rosbag2_transport/recorder.cpp,subscribe_topic,574,False
1760799872.5834918,1760799872,583425636,False,20,rosbag2_recorder,Subscribed to topic '/navpvt',./src/rosbag2_transport/recorder.cpp,subscribe_topic,574,False
1760799872.5850337,1760799872,584968397,False,20,rosbag2_recorder,Subscribed to topic '/navclock',./src/rosbag2_transport/recorder.cpp,subscribe_topic,574,False
1760799872.5865583,1760799872,586448286,False,20,rosbag2_recorder,Subscribed to topic '/aidalm',./src/rosbag2_transport/recorder.cpp,subscribe_topic,574,False
1760799872.5879958,1760799872,587928341,False,20,rosbag2_recorder,Subscribed to topic '/rxmrtcm',./src/rosbag2_transport/recorder.cpp,subscribe_topic,574,False
