csv_path,exported_messages,message_count,topic,type
rosbag2_2025_10_18-15_04_31/aidalm.csv,1319,1319,/aidalm,ublox_msgs/msg/AidALM
rosbag2_2025_10_18-15_04_31/navclock.csv,654,654,/navclock,ublox_msgs/msg/NavCLOCK
rosbag2_2025_10_18-15_04_31/navpvt.csv,660,660,/navpvt,ublox_msgs/msg/NavPVT
rosbag2_2025_10_18-15_04_31/aideph.csv,1316,1316,/aideph,ublox_msgs/msg/AidEPH
rosbag2_2025_10_18-15_04_31/fix_velocity.csv,660,660,/fix_velocity,geometry_msgs/msg/TwistWithCovarianceStamped
rosbag2_2025_10_18-15_04_31/rosout.csv,20,20,/rosout,rcl_interfaces/msg/Log
rosbag2_2025_10_18-15_04_31/diagnostics.csv,2637,2637,/diagnostics,diagnostic_msgs/msg/DiagnosticArray
rosbag2_2025_10_18-15_04_31/fromBrunilde.csv,92603,92603,/fromBrunilde,sail_msgs/msg/SerialMsg
rosbag2_2025_10_18-15_04_31/monhw.csv,658,658,/monhw,ublox_msgs/msg/MonHW
rosbag2_2025_10_18-15_04_31/navsvin.csv,654,654,/navsvin,ublox_msgs/msg/NavSVIN
rosbag2_2025_10_18-15_04_31/navstatus.csv,657,657,/navstatus,ublox_msgs/msg/NavSTATUS
rosbag2_2025_10_18-15_04_31/navstate.csv,22,22,/navstate,ublox_msgs/msg/NavSAT
rosbag2_2025_10_18-15_04_31/fix.csv,660,660,/fix,sensor_msgs/msg/NavSatFix
