timestamp,_stamp._sec._sec,_stamp._nanosec._nanosec,_stamp._check_fields._check_fields,_level._level,_name._name,_msg._msg,_file._file,_function._function,_line._line,_check_fields._check_fields
1760800569.4441423,1760800569,367846327,False,20,rosbag2_recorder,Press SPACE for pausing/resuming,./src/rosbag2_transport/recorder.cpp,RecorderImpl,190,False
1760800569.4442015,1760800569,372599737,False,20,rosbag2_recorder,Listening for topics...,./src/rosbag2_transport/recorder.cpp,record,353,False
1760800569.4442046,1760800569,372608496,False,20,rosbag2_recorder,Event publisher thread: Starting,./src/rosbag2_transport/recorder.cpp,event_publisher_thread_main,371,False
1760800569.4442048,1760800569,374195916,False,20,rosbag2_recorder,Subscribed to topic '/rosout',./src/rosbag2_transport/recorder.cpp,subscribe_topic,574,False
1760800569.4442053,1760800569,375210721,False,20,rosbag2_recorder,Subscribed to topic '/events/write_split',./src/rosbag2_transport/recorder.cpp,subscribe_topic,574,False
1760800569.4442053,1760800569,375339222,False,20,rosbag2_recorder,Recording...,./src/rosbag2_transport/recorder.cpp,record,365,False
1760800569.8784049,1760800569,878189367,False,20,rosbag2_recorder,Subscribed to topic '/parameter_events',./src/rosbag2_transport/recorder.cpp,subscribe_topic,574,False
1760800571.1855721,1760800571,184961920,False,20,rosbag2_recorder,Subscribed to topic '/fromBrunilde',./src/rosbag2_transport/recorder.cpp,subscribe_topic,574,False
1760800571.490442,1760800571,490396097,False,20,rosbag2_recorder,Subscribed to topic '/navsvin',./src/rosbag2_transport/recorder.cpp,subscribe_topic,574,False
1760800571.4922488,1760800571,492150315,False,20,rosbag2_recorder,Subscribed to topic '/navstatus',./src/rosbag2_transport/recorder.cpp,subscribe_topic,574,False
1760800571.4939408,1760800571,493834996,False,20,rosbag2_recorder,Subscribed to topic '/monhw',./src/rosbag2_transport/recorder.cpp,subscribe_topic,574,False
1760800571.4960837,1760800571,496003218,False,20,rosbag2_recorder,Subscribed to topic '/navstate',./src/rosbag2_transport/recorder.cpp,subscribe_topic,574,False
1760800571.4993825,1760800571,499279189,False,20,rosbag2_recorder,Subscribed to topic '/fix',./src/rosbag2_transport/recorder.cpp,subscribe_topic,574,False
1760800571.5016623,1760800571,501532337,False,20,rosbag2_recorder,Subscribed to topic '/fix_velocity',./src/rosbag2_transport/recorder.cpp,subscribe_topic,574,False
1760800571.503971,1760800571,503816541,False,20,rosbag2_recorder,Subscribed to topic '/diagnostics',./src/rosbag2_transport/recorder.cpp,subscribe_topic,574,False
1760800571.5054803,1760800571,505386424,False,20,rosbag2_recorder,Subscribed to topic '/aideph',./src/rosbag2_transport/recorder.cpp,subscribe_topic,574,False
1760800571.5071893,1760800571,507066975,False,20,rosbag2_recorder,Subscribed to topic '/navpvt',./src/rosbag2_transport/recorder.cpp,subscribe_topic,574,False
1760800571.5085638,1760800571,508468690,False,20,rosbag2_recorder,Subscribed to topic '/navclock',./src/rosbag2_transport/recorder.cpp,subscribe_topic,574,False
1760800571.5099585,1760800571,509841220,False,20,rosbag2_recorder,Subscribed to topic '/aidalm',./src/rosbag2_transport/recorder.cpp,subscribe_topic,574,False
1760800571.5114558,1760800571,511339270,False,20,rosbag2_recorder,Subscribed to topic '/rxmrtcm',./src/rosbag2_transport/recorder.cpp,subscribe_topic,574,False
