csv_path,exported_messages,message_count,topic,type
rosbag2_2025_10_18-15_16_09/aidalm.csv,5553,5553,/aidalm,ublox_msgs/msg/AidALM
rosbag2_2025_10_18-15_16_09/navclock.csv,2767,2767,/navclock,ublox_msgs/msg/NavCLOCK
rosbag2_2025_10_18-15_16_09/navpvt.csv,2781,2781,/navpvt,ublox_msgs/msg/NavPVT
rosbag2_2025_10_18-15_16_09/aideph.csv,5565,5565,/aideph,ublox_msgs/msg/AidEPH
rosbag2_2025_10_18-15_16_09/fix_velocity.csv,2781,2781,/fix_velocity,geometry_msgs/msg/TwistWithCovarianceStamped
rosbag2_2025_10_18-15_16_09/rosout.csv,20,20,/rosout,rcl_interfaces/msg/Log
rosbag2_2025_10_18-15_16_09/diagnostics.csv,11113,11113,/diagnostics,diagnostic_msgs/msg/DiagnosticArray
rosbag2_2025_10_18-15_16_09/fromBrunilde.csv,389877,389877,/fromBrunilde,sail_msgs/msg/SerialMsg
rosbag2_2025_10_18-15_16_09/monhw.csv,2779,2779,/monhw,ublox_msgs/msg/MonHW
rosbag2_2025_10_18-15_16_09/navsvin.csv,2759,2759,/navsvin,ublox_msgs/msg/NavSVIN
rosbag2_2025_10_18-15_16_09/navstatus.csv,2775,2775,/navstatus,ublox_msgs/msg/NavSTATUS
rosbag2_2025_10_18-15_16_09/navstate.csv,95,95,/navstate,ublox_msgs/msg/NavSAT
rosbag2_2025_10_18-15_16_09/fix.csv,2781,2781,/fix,sensor_msgs/msg/NavSatFix
