csv_path,exported_messages,message_count,topic,type
2025_10_18-15_16_09/wand_angle.csv,277957,277957,/wand_angle,std_msgs/msg/Float64
2025_10_18-15_16_09/imu_data.csv,55458,55458,/imu_data,sensor_msgs/msg/Imu
2025_10_18-15_16_09/gps_filtered.csv,22225,22225,/gps/filtered,sensor_msgs/msg/NavSatFix
2025_10_18-15_16_09/fix_velocity.csv,2781,2781,/fix_velocity,geometry_msgs/msg/TwistWithCovarianceStamped
2025_10_18-15_16_09/odometry_filtered.csv,22238,22238,/odometry/filtered,nav_msgs/msg/Odometry
2025_10_18-15_16_09/fix.csv,2781,2781,/fix,sensor_msgs/msg/NavSatFix
