timestamp,_stamp._sec._sec,_stamp._nanosec._nanosec,_stamp._check_fields._check_fields,_level._level,_name._name,_msg._msg,_file._file,_function._function,_line._line,_check_fields._check_fields
1760795674.0947053,1760795673,987930496,False,20,rosbag2_recorder,Press SPACE for pausing/resuming,./src/rosbag2_transport/recorder.cpp,RecorderImpl,190,False
1760795674.0947487,1760795674,17278532,False,20,rosbag2_recorder,Listening for topics...,./src/rosbag2_transport/recorder.cpp,record,353,False
1760795674.0947523,1760795674,17290126,False,20,rosbag2_recorder,Event publisher thread: Starting,./src/rosbag2_transport/recorder.cpp,event_publisher_thread_main,371,False
1760795674.0947526,1760795674,24710580,False,20,rosbag2_recorder,Subscribed to topic '/rosout',./src/rosbag2_transport/recorder.cpp,subscribe_topic,574,False
1760795674.0947528,1760795674,27115588,False,20,rosbag2_recorder,Subscribed to topic '/events/write_split',./src/rosbag2_transport/recorder.cpp,subscribe_topic,574,False
1760795674.0947528,1760795674,27248103,False,20,rosbag2_recorder,Recording...,./src/rosbag2_transport/recorder.cpp,record,365,False
1760795674.8364828,1760795674,836434892,False,20,rosbag2_recorder,Subscribed to topic '/fromBrunilde',./src/rosbag2_transport/recorder.cpp,subscribe_topic,574,False
1760795674.8389142,1760795674,838872496,False,20,rosbag2_recorder,Subscribed to topic '/parameter_events',./src/rosbag2_transport/recorder.cpp,subscribe_topic,574,False
1760795675.5471768,1760795675,547094866,False,20,rosbag2_recorder,Subscribed to topic '/navsvin',./src/rosbag2_transport/recorder.cpp,subscribe_topic,574,False
1760795675.5495791,1760795675,549523154,False,20,rosbag2_recorder,Subscribed to topic '/navstatus',./src/rosbag2_transport/recorder.cpp,subscribe_topic,574,False
1760795675.551661,1760795675,551539097,False,20,rosbag2_recorder,Subscribed to topic '/monhw',./src/rosbag2_transport/recorder.cpp,subscribe_topic,574,False
1760795675.5544834,1760795675,554325853,False,20,rosbag2_recorder,Subscribed to topic '/navstate',./src/rosbag2_transport/recorder.cpp,subscribe_topic,574,False
1760795675.5604165,1760795675,560364143,False,20,rosbag2_recorder,Subscribed to topic '/fix',./src/rosbag2_transport/recorder.cpp,subscribe_topic,574,False
1760795675.5662105,1760795675,566139736,False,20,rosbag2_recorder,Subscribed to topic '/fix_velocity',./src/rosbag2_transport/recorder.cpp,subscribe_topic,574,False
1760795675.5707533,1760795675,570689201,False,20,rosbag2_recorder,Subscribed to topic '/diagnostics',./src/rosbag2_transport/recorder.cpp,subscribe_topic,574,False
1760795675.572923,1760795675,572792376,False,20,rosbag2_recorder,Subscribed to topic '/aideph',./src/rosbag2_transport/recorder.cpp,subscribe_topic,574,False
1760795675.5752926,1760795675,575154990,False,20,rosbag2_recorder,Subscribed to topic '/navpvt',./src/rosbag2_transport/recorder.cpp,subscribe_topic,574,False
1760795675.5771093,1760795675,577013395,False,20,rosbag2_recorder,Subscribed to topic '/navclock',./src/rosbag2_transport/recorder.cpp,subscribe_topic,574,False
1760795675.579252,1760795675,578921566,False,20,rosbag2_recorder,Subscribed to topic '/aidalm',./src/rosbag2_transport/recorder.cpp,subscribe_topic,574,False
1760795675.5810177,1760795675,580960697,False,20,rosbag2_recorder,Subscribed to topic '/rxmrtcm',./src/rosbag2_transport/recorder.cpp,subscribe_topic,574,False
