csv_path,exported_messages,message_count,topic,type
rosbag2_2025_10_18-13_54_33/aidalm.csv,37,37,/aidalm,ublox_msgs/msg/AidALM
rosbag2_2025_10_18-13_54_33/navclock.csv,36,36,/navclock,ublox_msgs/msg/NavCLOCK
rosbag2_2025_10_18-13_54_33/navpvt.csv,36,36,/navpvt,ublox_msgs/msg/NavPVT
rosbag2_2025_10_18-13_54_33/fromBrunilde.csv,5189,5189,/fromBrunilde,sail_msgs/msg/SerialMsg
rosbag2_2025_10_18-13_54_33/monhw.csv,37,37,/monhw,ublox_msgs/msg/MonHW
rosbag2_2025_10_18-13_54_33/aideph.csv,37,37,/aideph,ublox_msgs/msg/AidEPH
rosbag2_2025_10_18-13_54_33/fix_velocity.csv,36,36,/fix_velocity,geometry_msgs/msg/TwistWithCovarianceStamped
rosbag2_2025_10_18-13_54_33/rosout.csv,20,20,/rosout,rcl_interfaces/msg/Log
rosbag2_2025_10_18-13_54_33/diagnostics.csv,109,109,/diagnostics,diagnostic_msgs/msg/DiagnosticArray
rosbag2_2025_10_18-13_54_33/navsvin.csv,36,36,/navsvin,ublox_msgs/msg/NavSVIN
rosbag2_2025_10_18-13_54_33/navstatus.csv,36,36,/navstatus,ublox_msgs/msg/NavSTATUS
rosbag2_2025_10_18-13_54_33/fix.csv,36,36,/fix,sensor_msgs/msg/NavSatFix
