timestamp,_stamp._sec._sec,_stamp._nanosec._nanosec,_stamp._check_fields._check_fields,_level._level,_name._name,_msg._msg,_file._file,_function._function,_line._line,_check_fields._check_fields
1760798950.2326121,1760798950,155783222,False,20,rosbag2_recorder,Press SPACE for pausing/resuming,./src/rosbag2_transport/recorder.cpp,RecorderImpl,190,False
1760798950.2326505,1760798950,161103218,False,20,rosbag2_recorder,Listening for topics...,./src/rosbag2_transport/recorder.cpp,record,353,False
1760798950.232654,1760798950,161110090,False,20,rosbag2_recorder,Event publisher thread: Starting,./src/rosbag2_transport/recorder.cpp,event_publisher_thread_main,371,False
1760798950.2326543,1760798950,162613705,False,20,rosbag2_recorder,Subscribed to topic '/rosout',./src/rosbag2_transport/recorder.cpp,subscribe_topic,574,False
1760798950.2326548,1760798950,163556521,False,20,rosbag2_recorder,Subscribed to topic '/events/write_split',./src/rosbag2_transport/recorder.cpp,subscribe_topic,574,False
1760798950.232655,1760798950,163761716,False,20,rosbag2_recorder,Recording...,./src/rosbag2_transport/recorder.cpp,record,365,False
1760798950.8688982,1760798950,868740999,False,20,rosbag2_recorder,Subscribed to topic '/fromBrunilde',./src/rosbag2_transport/recorder.cpp,subscribe_topic,574,False
1760798950.8721156,1760798950,872072609,False,20,rosbag2_recorder,Subscribed to topic '/parameter_events',./src/rosbag2_transport/recorder.cpp,subscribe_topic,574,False
1760798951.578342,1760798951,578165227,False,20,rosbag2_recorder,Subscribed to topic '/navsvin',./src/rosbag2_transport/recorder.cpp,subscribe_topic,574,False
1760798951.5799685,1760798951,579900040,False,20,rosbag2_recorder,Subscribed to topic '/navstatus',./src/rosbag2_transport/recorder.cpp,subscribe_topic,574,False
1760798951.5815501,1760798951,581488742,False,20,rosbag2_recorder,Subscribed to topic '/monhw',./src/rosbag2_transport/recorder.cpp,subscribe_topic,574,False
1760798951.5835328,1760798951,583337016,False,20,rosbag2_recorder,Subscribed to topic '/navstate',./src/rosbag2_transport/recorder.cpp,subscribe_topic,574,False
1760798951.586862,1760798951,586771139,False,20,rosbag2_recorder,Subscribed to topic '/fix',./src/rosbag2_transport/recorder.cpp,subscribe_topic,574,False
1760798951.5890872,1760798951,589020801,False,20,rosbag2_recorder,Subscribed to topic '/fix_velocity',./src/rosbag2_transport/recorder.cpp,subscribe_topic,574,False
1760798951.5916207,1760798951,591551411,False,20,rosbag2_recorder,Subscribed to topic '/diagnostics',./src/rosbag2_transport/recorder.cpp,subscribe_topic,574,False
1760798951.5931156,1760798951,592920229,False,20,rosbag2_recorder,Subscribed to topic '/aideph',./src/rosbag2_transport/recorder.cpp,subscribe_topic,574,False
1760798951.5949335,1760798951,594871592,False,20,rosbag2_recorder,Subscribed to topic '/navpvt',./src/rosbag2_transport/recorder.cpp,subscribe_topic,574,False
1760798951.5963626,1760798951,596303605,False,20,rosbag2_recorder,Subscribed to topic '/navclock',./src/rosbag2_transport/recorder.cpp,subscribe_topic,574,False
1760798951.5978925,1760798951,597824000,False,20,rosbag2_recorder,Subscribed to topic '/aidalm',./src/rosbag2_transport/recorder.cpp,subscribe_topic,574,False
1760798951.5994034,1760798951,599337357,False,20,rosbag2_recorder,Subscribed to topic '/rxmrtcm',./src/rosbag2_transport/recorder.cpp,subscribe_topic,574,False
