csv_path,exported_messages,message_count,topic,type
rosbag2_2025_10_18-14_49_10/aidalm.csv,148,148,/aidalm,ublox_msgs/msg/AidALM
rosbag2_2025_10_18-14_49_10/navclock.csv,147,147,/navclock,ublox_msgs/msg/NavCLOCK
rosbag2_2025_10_18-14_49_10/navpvt.csv,147,147,/navpvt,ublox_msgs/msg/NavPVT
rosbag2_2025_10_18-14_49_10/fromBrunilde.csv,20718,20718,/fromBrunilde,sail_msgs/msg/SerialMsg
rosbag2_2025_10_18-14_49_10/monhw.csv,148,148,/monhw,ublox_msgs/msg/MonHW
rosbag2_2025_10_18-14_49_10/aideph.csv,148,148,/aideph,ublox_msgs/msg/AidEPH
rosbag2_2025_10_18-14_49_10/fix_velocity.csv,147,147,/fix_velocity,geometry_msgs/msg/TwistWithCovarianceStamped
rosbag2_2025_10_18-14_49_10/rosout.csv,20,20,/rosout,rcl_interfaces/msg/Log
rosbag2_2025_10_18-14_49_10/diagnostics.csv,442,442,/diagnostics,diagnostic_msgs/msg/DiagnosticArray
rosbag2_2025_10_18-14_49_10/navsvin.csv,147,147,/navsvin,ublox_msgs/msg/NavSVIN
rosbag2_2025_10_18-14_49_10/navstatus.csv,147,147,/navstatus,ublox_msgs/msg/NavSTATUS
rosbag2_2025_10_18-14_49_10/fix.csv,147,147,/fix,sensor_msgs/msg/NavSatFix
